DELETE FROM Employee;
DELETE FROM Receptionist;
DELETE FROM Physician;
DELETE FROM Clinic;
DELETE FROM Employs;
DELETE FROM Patient;
DELETE FROM MedicalRecord;
DELETE FROM Allergy;
DELETE FROM Vaccination;
DELETE FROM CaresFor;
DELETE FROM Laboratory;
DELETE FROM Test;
DELETE FROM LabOrder;
DELETE FROM Appointment;
DELETE FROM Prescription;
DELETE FROM Drug;
DELETE FROM Prescribes;
INSERT INTO Employee VALUES ('100', 'nskarman0@deliciousdays.com', '808-334-9605', 'Natale', 'Skarman');
INSERT INTO Employee VALUES ('110', 'lemes1@indiegogo.com', '832-952-4654', 'Lory', 'Emes');
INSERT INTO Employee VALUES ('120', 'csutlieff2@wsj.com', '601-284-4249', 'Claribel', 'Sutlieff');
INSERT INTO Employee VALUES ('130', 'ecrosoer3@histats.com', '422-290-9614', 'Elwyn', 'Crosoer');
INSERT INTO Employee VALUES ('140', 'stiffin4@paypal.com', '872-101-0613', 'Sandie', 'Tiffin');
INSERT INTO Employee VALUES ('150', 'csempill5@livejournal.com', '807-689-1592', 'Carina', 'Sempill');
INSERT INTO Employee VALUES ('160', 'ecusty6@tmall.com', '511-194-6117', 'Elicia', 'Custy');
INSERT INTO Employee VALUES ('170', 'dcoopland7@g.co', '836-656-6071', 'Dmitri', 'Coopland');
INSERT INTO Employee VALUES ('180', 'htenbrug8@posterous.com', '620-635-5565', 'Helenelizabeth', 'Tenbrug');
INSERT INTO Employee VALUES ('190', 'apaumier9@instagram.com', '963-221-0611', 'Adelle', 'Paumier');
INSERT INTO Employee VALUES ('200', 'tvasica@amazonaws.com', '900-456-4521', 'Teresina', 'Vasic');
INSERT INTO Employee VALUES ('210', 'wdundridgeb@issuu.com', '645-788-8144', 'Way', 'Dundridge');
INSERT INTO Employee VALUES ('220', 'celdrittc@wix.com', '689-451-0965', 'Clair', 'Eldritt');
INSERT INTO Employee VALUES ('230', 'lsurteesd@uol.com.br', '683-721-3333', 'Lauri', 'Surtees');
INSERT INTO Employee VALUES ('240', 'kjagelse@telegraph.co.uk', '260-708-6482', 'Kerr', 'Jagels');
INSERT INTO Employee VALUES ('250', 'csaltf@facebook.com', '525-247-8582', 'Crin', 'Salt');
INSERT INTO Employee VALUES ('260', 'vweddeburnscrimgeourg@ted.com', '953-315-9480', 'Veronique', 'Weddeburn - Scrimgeour');
INSERT INTO Employee VALUES ('270', 'eeasterbyh@npr.org', '538-260-9673', 'Ellsworth', 'Easterby');
INSERT INTO Employee VALUES ('280', 'japplewhaitei@etsy.com', '151-727-3701', 'Jacob', 'Applewhaite');
INSERT INTO Employee VALUES ('290', 'nmatyashevj@google.com.hk', '956-332-3745', 'Nolly', 'Matyashev');
INSERT INTO Employee VALUES ('300', 'hquink@loc.gov', '590-542-1618', 'Hedwig', 'Quin');
INSERT INTO Employee VALUES ('310', 'dwesleyl@skype.com', '723-541-1041', 'Druci', 'Wesley');
INSERT INTO Employee VALUES ('320', 'cfabbrim@blinklist.com', '310-256-9664', 'Calida', 'Fabbri');
INSERT INTO Employee VALUES ('330', 'weykelboschn@nytimes.com', '527-851-5884', 'Wallache', 'Eykelbosch');
INSERT INTO Employee VALUES ('340', 'pkentono@bloglines.com', '281-519-4653', 'Perkin', 'Kenton');
INSERT INTO Employee VALUES ('350', 'gbenitezp@cam.ac.uk', '160-451-6576', 'Griswold', 'Benitez');
INSERT INTO Employee VALUES ('360', 'astockneyq@disqus.com', '169-435-7775', 'Alan', 'Stockney');
INSERT INTO Employee VALUES ('370', 'mdelmonter@about.me', '248-241-8885', 'Matty', 'Del Monte');
INSERT INTO Employee VALUES ('380', 'arommes@bloglovin.com', '642-215-0578', 'Amara', 'Romme');
INSERT INTO Employee VALUES ('390', 'eparradicet@weibo.com', '468-326-1478', 'Even', 'Parradice');
INSERT INTO Receptionist VALUES ('100');
INSERT INTO Receptionist VALUES ('110');
INSERT INTO Receptionist VALUES ('120');
INSERT INTO Receptionist VALUES ('130');
INSERT INTO Receptionist VALUES ('140');
INSERT INTO Receptionist VALUES ('150');
INSERT INTO Receptionist VALUES ('160');
INSERT INTO Receptionist VALUES ('170');
INSERT INTO Receptionist VALUES ('180');
INSERT INTO Receptionist VALUES ('190');
INSERT INTO Receptionist VALUES ('200');
INSERT INTO Receptionist VALUES ('210');
INSERT INTO Receptionist VALUES ('220');
INSERT INTO Receptionist VALUES ('230');
INSERT INTO Receptionist VALUES ('240');
INSERT INTO Physician VALUES ('250', '7515185', 'Family Medicine');
INSERT INTO Physician VALUES ('260', '6712400', 'Family Medicine');
INSERT INTO Physician VALUES ('270', '7156675', 'Family Medicine');
INSERT INTO Physician VALUES ('280', '4043484', 'Family Medicine');
INSERT INTO Physician VALUES ('290', '6812563', 'Family Medicine');
INSERT INTO Physician VALUES ('300', '9365310', 'Family Medicine');
INSERT INTO Physician VALUES ('310', '4117262', 'Family Medicine');
INSERT INTO Physician VALUES ('320', '3568433', 'Family Medicine');
INSERT INTO Physician VALUES ('330', '1840235', 'Family Medicine');
INSERT INTO Physician VALUES ('340', '9448749', 'OB/GYN');
INSERT INTO Physician VALUES ('350', '1976637', 'Pediatrics');
INSERT INTO Physician VALUES ('360', '2117481', 'Otolarynology');
INSERT INTO Physician VALUES ('370', '5756253', 'Internal Medicine');
INSERT INTO Physician VALUES ('380', '5855078', 'Internal Medicine');
INSERT INTO Physician VALUES ('390', '9711647', 'Psychiatry');
INSERT INTO Clinic VALUES ('100', '3 Pierstorff Alley', '713 950 6975');
INSERT INTO Clinic VALUES ('110', '1 Elka Park', '978 299 3040');
INSERT INTO Clinic VALUES ('120', '278 Red Cloud Lane', '347 744 6658');
INSERT INTO Employs VALUES ('100', '100', '2016-09-18', '40');
INSERT INTO Employs VALUES ('110', '100', '2016-08-20', '40');
INSERT INTO Employs VALUES ('120', '100', '2016-04-18', '40');
INSERT INTO Employs VALUES ('130', '100', '2016-10-26', '30');
INSERT INTO Employs VALUES ('140', '100', '2016-04-22', '20');
INSERT INTO Employs VALUES ('250', '100', '2016-11-06', '50');
INSERT INTO Employs VALUES ('260', '100', '2016-09-13', '50');
INSERT INTO Employs VALUES ('270', '100', '2016-06-07', '50');
INSERT INTO Employs VALUES ('150', '110', '2016-04-04', '40');
INSERT INTO Employs VALUES ('160', '110', '2016-09-02', '40');
INSERT INTO Employs VALUES ('170', '110', '2016-02-26', '40');
INSERT INTO Employs VALUES ('180', '110', '2016-05-14', '30');
INSERT INTO Employs VALUES ('190', '110', '2016-05-27', '20');
INSERT INTO Employs VALUES ('280', '110', '2016-12-07', '50');
INSERT INTO Employs VALUES ('290', '110', '2016-09-27', '50');
INSERT INTO Employs VALUES ('300', '110', '2016-09-02', '50');
INSERT INTO Employs VALUES ('200', '120', '2016-06-04', '40');
INSERT INTO Employs VALUES ('210', '120', '2016-05-18', '40');
INSERT INTO Employs VALUES ('220', '120', '2016-04-25', '40');
INSERT INTO Employs VALUES ('230', '120', '2016-10-03', '30');
INSERT INTO Employs VALUES ('240', '120', '2016-12-16', '20');
INSERT INTO Employs VALUES ('310', '120', '2016-11-13', '50');
INSERT INTO Employs VALUES ('320', '120', '2016-11-11', '50');
INSERT INTO Employs VALUES ('330', '120', '2016-02-22', '50');
INSERT INTO Employs VALUES ('340', '100', '2016-09-10', '25');
INSERT INTO Employs VALUES ('350', '100', '2016-04-15', '25');
INSERT INTO Employs VALUES ('340', '110', '2016-02-05', '25');
INSERT INTO Employs VALUES ('350', '110', '2016-12-13', '25');
INSERT INTO Employs VALUES ('360', '100', '2016-11-20', '25');
INSERT INTO Employs VALUES ('370', '100', '2016-07-17', '25');
INSERT INTO Employs VALUES ('360', '120', '2016-12-12', '25');
INSERT INTO Employs VALUES ('370', '120', '2016-03-23', '25');
INSERT INTO Employs VALUES ('380', '110', '2016-12-01', '25');
INSERT INTO Employs VALUES ('390', '110', '2016-01-08', '25');
INSERT INTO Employs VALUES ('380', '120', '2016-01-13', '25');
INSERT INTO Employs VALUES ('390', '120', '2016-11-26', '25');
INSERT INTO Patient VALUES ('10000', 'Cecilla', 'Shillito', '6915708911', '8 Oak Valley Circle', 'Female', 'NA', '1992-01-09');
INSERT INTO Patient VALUES ('10010', 'Yehudi', 'Treble', '1436827436', '158 Granby Circle', 'Male', 'NA', '2008-02-08');
INSERT INTO Patient VALUES ('10020', 'Gussy', 'Couchman', '5466005997', '10 East Junction', 'Female', 'gcouchman2@answers.com', '1931-01-07');
INSERT INTO Patient VALUES ('10030', 'Celinka', 'Seeney', '8743306345', '4607 Clarendon Street', 'Female', 'NA', '1912-05-29');
INSERT INTO Patient VALUES ('10040', 'Caitlin', 'Deveral', '8974518879', '17 Fallview Circle', 'Female', 'NA', '1952-03-24');
INSERT INTO Patient VALUES ('10050', 'Ewan', 'Reuss', '4831172054', '22821 Grover Circle', 'Male', 'ereuss5@de.vu', '1912-09-14');
INSERT INTO Patient VALUES ('10060', 'Auberta', 'McArd', '4858038337', '35941 Park Meadow Junction', 'Female', 'amcard6@blog.com', '1922-11-11');
INSERT INTO Patient VALUES ('10070', 'Lawton', 'Newarte', '4914534537', '45 Talisman Park', 'Male', 'lnewarte7@craigslist.org', '1988-10-12');
INSERT INTO Patient VALUES ('10080', 'Bartram', 'Karolyi', '8163959256', '05757 Forest Dale Park', 'Male', 'bkarolyi8@addtoany.com', '1947-07-08');
INSERT INTO Patient VALUES ('10090', 'Diane-marie', 'Norcock', '3979949646', '320 Dawn Circle', 'Female', 'NA', '1938-06-09');
INSERT INTO Patient VALUES ('10100', 'Kent', 'Coneron', '8305290770', '36 Truax Junction', 'Male', 'kconerona@earthlink.net', '2008-11-13');
INSERT INTO Patient VALUES ('10110', 'Neal', 'Ledner', '1311626321', '2 Laurel Avenue', 'Male', 'nlednerb@nasa.gov', '1983-11-19');
INSERT INTO Patient VALUES ('10120', 'Novelia', 'Scartifield', '2295471955', '0 Vidon Terrace', 'Female', 'nscartifieldc@indiegogo.com', '1949-03-10');
INSERT INTO Patient VALUES ('10130', 'Vic', 'Mulqueeny', '9157860917', '6 Hayes Avenue', 'Male', 'vmulqueenyd@ted.com', '1986-03-15');
INSERT INTO Patient VALUES ('10140', 'Germaine', 'Garrad', '6764887920', '99 Westend Point', 'Female', 'ggarrade@nhs.uk', '1974-01-31');
INSERT INTO Patient VALUES ('10150', 'Tara', 'Ashbridge', '9184185590', '16 Kings Place', 'Female', 'NA', '1961-05-24');
INSERT INTO Patient VALUES ('10160', 'Jo-anne', 'Naisbitt', '6611407887', '41 Golf View Circle', 'Female', 'jnaisbittg@bizjournals.com', '1961-06-13');
INSERT INTO Patient VALUES ('10170', 'Dyan', 'Bridie', '9017225862', '7 Washington Junction', 'Female', 'NA', '2012-01-20');
INSERT INTO Patient VALUES ('10180', 'Delilah', 'Dillinger', '3308822924', '7 Springview Avenue', 'Female', 'NA', '1935-01-21');
INSERT INTO Patient VALUES ('10190', 'Mab', 'Friel', '6359081055', '3242 Birchwood Parkway', 'Female', 'NA', '1958-08-28');
INSERT INTO Patient VALUES ('10200', 'Tiphany', 'Castagna', '4484207470', '588 6th Point', 'Female', 'tcastagnak@craigslist.org', '1971-07-02');
INSERT INTO Patient VALUES ('10210', 'Gertrudis', 'Glasson', '1409965309', '6 Mesta Crossing', 'Female', 'gglassonl@devhub.com', '2005-01-11');
INSERT INTO Patient VALUES ('10220', 'Erastus', 'Bailles', '8258852176', '6492 Division Point', 'Male', 'ebaillesm@merriam-webster.com', '1946-11-27');
INSERT INTO Patient VALUES ('10230', 'Christy', 'Attree', '2864392764', '51 Milwaukee Pass', 'Female', 'NA', '2010-05-08');
INSERT INTO Patient VALUES ('10240', 'Bear', 'Langdridge', '8355657357', '86468 Sutherland Terrace', 'Male', 'NA', '1912-06-11');
INSERT INTO Patient VALUES ('10250', 'Shoshanna', 'Tomkins', '5407448166', '9330 Mariners Cove Trail', 'Female', 'stomkinsp@desdev.cn', '1975-07-01');
INSERT INTO Patient VALUES ('10260', 'Terrie', 'Inde', '6072396029', '06720 Ludington Parkway', 'Female', 'tindeq@wired.com', '1957-12-17');
INSERT INTO Patient VALUES ('10270', 'Nevins', 'Alebrooke', '6234727639', '8144 Harper Terrace', 'Male', 'nalebrooker@nature.com', '1916-01-16');
INSERT INTO Patient VALUES ('10280', 'Pasquale', 'Mobbs', '2702970507', '4889 Thierer Hill', 'Male', 'pmobbss@printfriendly.com', '1959-02-24');
INSERT INTO Patient VALUES ('10290', 'Guillema', 'Pennington', '3871103782', '387 Corry Terrace', 'Female', 'gpenningtont@storify.com', '1995-07-01');
INSERT INTO Patient VALUES ('10300', 'Urbano', 'Goligher', '6161627913', '89484 Redwing Terrace', 'Male', 'ugoligheru@biblegateway.com', '1955-01-23');
INSERT INTO Patient VALUES ('10310', 'Griswold', 'Lynd', '3183691621', '35 Dovetail Pass', 'Male', 'glyndv@sina.com.cn', '1947-12-22');
INSERT INTO Patient VALUES ('10320', 'Cello', 'Sandy', '8603480146', '12495 Merry Parkway', 'Male', 'csandyw@zdnet.com', '1954-05-28');
INSERT INTO Patient VALUES ('10330', 'Linzy', 'Pocklington', '1021123650', '49 Eastlawn Hill', 'Female', 'lpocklingtonx@hugedomains.com', '1936-07-17');
INSERT INTO Patient VALUES ('10340', 'Sophia', 'Canham', '1424278572', '4735 Westend Road', 'Female', 'scanhamy@phpbb.com', '1977-06-18');
INSERT INTO Patient VALUES ('10350', 'Leif', 'Linge', '7273657790', '9 Stang Terrace', 'Male', 'NA', '1969-02-15');
INSERT INTO Patient VALUES ('10360', 'Yorgos', 'Crackett', '8879311519', '889 Kenwood Point', 'Male', 'ycrackett10@sogou.com', '1940-08-15');
INSERT INTO Patient VALUES ('10370', 'Neddy', 'McCrisken', '2257295646', '7 Nelson Center', 'Male', 'nmccrisken11@xing.com', '1920-03-26');
INSERT INTO Patient VALUES ('10380', 'Rosalyn', 'Knights', '4925557602', '7354 Fair Oaks Junction', 'Female', 'NA', '1918-11-02');
INSERT INTO Patient VALUES ('10390', 'Larina', 'Winfindale', '3132558480', '56347 Waubesa Pass', 'Female', 'lwinfindale13@samsung.com', '1937-08-30');
INSERT INTO Patient VALUES ('10400', 'Corene', 'Kelinge', '7285769002', '08321 Dovetail Lane', 'Female', 'NA', '1943-08-19');
INSERT INTO Patient VALUES ('10410', 'Kristos', 'Glasser', '9246477265', '054 Longview Alley', 'Male', 'kglasser15@sogou.com', '1974-10-12');
INSERT INTO Patient VALUES ('10420', 'Gunilla', 'Camelin', '5381249882', '5 Loeprich Alley', 'Female', 'gcamelin16@theglobeandmail.com', '1918-11-01');
INSERT INTO Patient VALUES ('10430', 'Gerome', 'Bycraft', '4467241963', '34 Loftsgordon Junction', 'Male', 'gbycraft17@marriott.com', '1997-09-07');
INSERT INTO Patient VALUES ('10440', 'Esther', 'Wetherill', '2779909593', '3347 Meadow Vale Trail', 'Female', 'NA', '1919-01-23');
INSERT INTO Patient VALUES ('10450', 'Talya', 'Astill', '1322116042', '6667 Marcy Place', 'Female', 'tastill19@netscape.com', '1925-09-07');
INSERT INTO Patient VALUES ('10460', 'Jamesy', 'Brunini', '4674793159', '82133 Summit Place', 'Male', 'NA', '1977-06-18');
INSERT INTO Patient VALUES ('10470', 'Gael', 'Rubenov', '7156983966', '288 Burrows Terrace', 'Male', 'NA', '1962-12-14');
INSERT INTO Patient VALUES ('10480', 'Dulciana', 'Farbrace', '3697283546', '58 Corry Drive', 'Female', 'dfarbrace1c@washingtonpost.com', '1947-06-20');
INSERT INTO Patient VALUES ('10490', 'Benny', 'Paul', '7195283867', '187 Susan Junction', 'Female', 'bpaul1d@ustream.tv', '2004-02-20');
INSERT INTO Patient VALUES ('10500', 'Sibylle', 'Seeley', '8405541655', '55 Transport Hill', 'Female', 'sseeley1e@kickstarter.com', '1938-02-05');
INSERT INTO Patient VALUES ('10510', 'Thibaut', 'Elson', '1909505106', '36 Fisk Pass', 'Male', 'NA', '1995-12-17');
INSERT INTO Patient VALUES ('10520', 'Pieter', 'Sellars', '6146474939', '194 Westridge Street', 'Male', 'psellars1g@yale.edu', '1977-10-02');
INSERT INTO Patient VALUES ('10530', 'Elsa', 'Saltsberger', '1366079247', '3 Lyons Way', 'Female', 'esaltsberger1h@abc.net.au', '1968-04-13');
INSERT INTO Patient VALUES ('10540', 'Vivianna', 'Augie', '8557374964', '90 Roxbury Circle', 'Female', 'vaugie1i@360.cn', '1985-11-02');
INSERT INTO Patient VALUES ('10550', 'Beverly', 'Cawte', '5757073368', '0796 Dunning Street', 'Female', 'bcawte1j@weather.com', '2009-02-05');
INSERT INTO Patient VALUES ('10560', 'Bellina', 'Mollindinia', '8207625577', '130 Upham Center', 'Female', 'bmollindinia1k@bloglovin.com', '1915-12-08');
INSERT INTO Patient VALUES ('10570', 'Cecelia', 'Klaffs', '3465943812', '2688 Pearson Point', 'Female', 'cklaffs1l@joomla.org', '2008-11-13');
INSERT INTO Patient VALUES ('10580', 'Julie', 'Danilovich', '2735280771', '0 Meadow Valley Court', 'Female', 'NA', '1993-10-09');
INSERT INTO Patient VALUES ('10590', 'Barbe', 'Cornhill', '2498547452', '7497 Sauthoff Street', 'Female', 'bcornhill1n@wunderground.com', '1932-08-25');
INSERT INTO Patient VALUES ('10600', 'Mireille', 'Pringle', '6231624764', '5003 Russell Parkway', 'Female', 'NA', '1938-09-21');
INSERT INTO Patient VALUES ('10610', 'Heddi', 'Copyn', '8525522421', '56 Buhler Road', 'Female', 'hcopyn1p@pagesperso-orange.fr', '1925-09-15');
INSERT INTO Patient VALUES ('10620', 'Dory', 'Witcomb', '1916655153', '20 5th Pass', 'Male', 'dwitcomb1q@meetup.com', '1931-10-29');
INSERT INTO Patient VALUES ('10630', 'Magda', 'Brisland', '1638529640', '1470 Holmberg Court', 'Female', 'mbrisland1r@hp.com', '2003-09-05');
INSERT INTO Patient VALUES ('10640', 'Pammi', 'Oganian', '7349329412', '80 Stoughton Hill', 'Female', 'poganian1s@networksolutions.com', '1957-01-10');
INSERT INTO Patient VALUES ('10650', 'Cecil', 'Itshak', '2558662593', '02 Towne Place', 'Female', 'citshak1t@rakuten.co.jp', '1970-11-07');
INSERT INTO Patient VALUES ('10660', 'Aldrich', 'Spivie', '4959644090', '8663 Swallow Avenue', 'Male', 'aspivie1u@flickr.com', '1971-01-14');
INSERT INTO Patient VALUES ('10670', 'Cathee', 'Andreix', '4927867912', '252 Rockefeller Drive', 'Female', 'NA', '1990-07-25');
INSERT INTO Patient VALUES ('10680', 'Merell', 'Munro', '9744743837', '6 Talisman Pass', 'Male', 'mmunro1w@aol.com', '1989-03-02');
INSERT INTO Patient VALUES ('10690', 'Janene', 'Gingold', '9429421547', '217 Main Pass', 'Female', 'jgingold1x@house.gov', '1955-12-05');
INSERT INTO Patient VALUES ('10700', 'Gilbertine', 'Keuntje', '4653792918', '48975 Coolidge Plaza', 'Female', 'gkeuntje1y@godaddy.com', '1956-10-02');
INSERT INTO Patient VALUES ('10710', 'Onofredo', 'MacNess', '2637998398', '1 Derek Avenue', 'Male', 'omacness1z@nbcnews.com', '1988-03-24');
INSERT INTO Patient VALUES ('10720', 'Mandie', 'Radloff', '3898837167', '604 Glendale Hill', 'Female', 'mradloff20@google.nl', '1978-06-20');
INSERT INTO Patient VALUES ('10730', 'Ernie', 'Terbrugge', '6467957794', '68864 Montana Road', 'Male', 'eterbrugge21@1688.com', '1951-03-07');
INSERT INTO Patient VALUES ('10740', 'Bridget', 'Kidney', '5204583802', '6586 Rutledge Point', 'Female', 'NA', '1971-02-13');
INSERT INTO Patient VALUES ('10750', 'Deedee', 'McKag', '6961030431', '1 Kingsford Drive', 'Female', 'NA', '1995-07-01');
INSERT INTO Patient VALUES ('10760', 'Willie', 'Pickaver', '8042554948', '4 Dwight Road', 'Male', 'wpickaver24@usatoday.com', '1941-01-12');
INSERT INTO Patient VALUES ('10770', 'Corinna', 'Scurrer', '5845595618', '998 Crescent Oaks Junction', 'Female', 'cscurrer25@washingtonpost.com', '1981-05-22');
INSERT INTO Patient VALUES ('10780', 'Vassily', 'Gozney', '1687558460', '87309 Hudson Park', 'Male', 'vgozney26@issuu.com', '1970-12-20');
INSERT INTO Patient VALUES ('10790', 'Patten', 'Geeritz', '1578459837', '477 Pleasure Avenue', 'Male', 'NA', '1935-10-14');
INSERT INTO Patient VALUES ('10800', 'Quinton', 'Dyet', '4908125208', '16688 Victoria Drive', 'Male', 'NA', '1968-04-13');
INSERT INTO Patient VALUES ('10810', 'Melanie', 'Haysman', '7651568933', '701 Straubel Place', 'Female', 'NA', '1930-08-30');
INSERT INTO Patient VALUES ('10820', 'Letty', 'Fawbert', '9214780555', '11695 Bunting Avenue', 'Female', 'lfawbert2a@reverbnation.com', '1964-07-29');
INSERT INTO Patient VALUES ('10830', 'Flossi', 'McGuiness', '4863882819', '4376 Shelley Drive', 'Female', 'fmcguiness2b@cbslocal.com', '1940-06-21');
INSERT INTO Patient VALUES ('10840', 'Ingelbert', 'Gush', '4228957600', '02097 Del Sol Court', 'Male', 'igush2c@last.fm', '1934-07-23');
INSERT INTO Patient VALUES ('10850', 'Rouvin', 'Nock', '9333451612', '0987 Farwell Court', 'Male', 'rnock2d@amazon.com', '2012-02-07');
INSERT INTO Patient VALUES ('10860', 'Jeanelle', 'Kienle', '5275034801', '109 Ohio Point', 'Female', 'jkienle2e@devhub.com', '1946-09-05');
INSERT INTO Patient VALUES ('10870', 'Pail', 'Scaddon', '6474752533', '3 Bellgrove Street', 'Male', 'pscaddon2f@about.me', '1982-08-30');
INSERT INTO Patient VALUES ('10880', 'Ralina', 'Jeffrey', '6578841740', '53 Sutherland Road', 'Female', 'rjeffrey2g@rediff.com', '1982-11-15');
INSERT INTO Patient VALUES ('10890', 'Alon', 'OSpillane', '5311893897', '938 Mccormick Hill', 'Male', 'NA', '1932-10-01');
INSERT INTO Patient VALUES ('10900', 'Faun', 'Blunsden', '7148273280', '685 Harbort Hill', 'Female', 'fblunsden2i@virginia.edu', '1992-12-19');
INSERT INTO Patient VALUES ('10910', 'Farand', 'Oldall', '7272491364', '0 Crowley Way', 'Female', 'foldall2j@slashdot.org', '1971-05-08');
INSERT INTO Patient VALUES ('10920', 'Junie', 'Raine', '1977387161', '54 Riverside Crossing', 'Female', 'jraine2k@i2i.jp', '1989-10-15');
INSERT INTO Patient VALUES ('10930', 'Nicky', 'Woodfin', '6939462278', '8559 Parkside Alley', 'Female', 'nwoodfin2l@va.gov', '1949-08-21');
INSERT INTO Patient VALUES ('10940', 'Loydie', 'Throssell', '7961893040', '741 Monterey Circle', 'Male', 'lthrossell2m@state.tx.us', '2011-02-16');
INSERT INTO Patient VALUES ('10950', 'Owen', 'Dooley', '4201500813', '337 Amoth Center', 'Male', 'odooley2n@ucsd.edu', '1938-10-13');
INSERT INTO Patient VALUES ('10960', 'Emmy', 'Sinfield', '1786450156', '24 Meadow Valley Terrace', 'Male', 'NA', '1970-04-17');
INSERT INTO Patient VALUES ('10970', 'North', 'Claxson', '9982972087', '78 Lake View Park', 'Male', 'NA', '1941-01-12');
INSERT INTO Patient VALUES ('10980', 'Amory', 'Gilfoy', '2902545743', '079 Banding Road', 'Male', 'agilfoy2q@tripadvisor.com', '1953-05-10');
INSERT INTO Patient VALUES ('10990', 'Rosabelle', 'Crickmoor', '9058058290', '30 Elgar Way', 'Female', 'rcrickmoor2r@blogs.com', '1962-12-14');

INSERT INTO MedicalRecord VALUES ('1000000', '10000', '149.70', '57.6', 'NULL');
INSERT INTO MedicalRecord VALUES ('1000010', '10010', '161.50', '33.0', 'NULL');
INSERT INTO MedicalRecord VALUES ('1000020', '10020', '117.10', '74.7', 'NULL');
INSERT INTO MedicalRecord VALUES ('1000030', '10030', '162.60', '58.3', 'NULL');
INSERT INTO MedicalRecord VALUES ('1000040', '10040', '127.00', '40.4', 'NULL');
INSERT INTO MedicalRecord VALUES ('1000050', '10050', '183.60', '39.4', 'NULL');
INSERT INTO MedicalRecord VALUES ('1000060', '10060', '120.90', '70.7', 'NULL');
INSERT INTO MedicalRecord VALUES ('1000070', '10070', '124.80', '38.4', 'NULL');
INSERT INTO MedicalRecord VALUES ('1000080', '10080', '171.50', '46.0', 'NULL');
INSERT INTO MedicalRecord VALUES ('1000090', '10090', '204.90', '60.6', 'NULL');
INSERT INTO MedicalRecord VALUES ('1000100', '10100', '124.20', '47.6', 'NULL');
INSERT INTO MedicalRecord VALUES ('1000110', '10110', '120.10', '45.0', 'NULL');
INSERT INTO MedicalRecord VALUES ('1000120', '10120', '106.60', '41.1', 'NULL');
INSERT INTO MedicalRecord VALUES ('1000130', '10130', '148.90', '49.3', 'NULL');
INSERT INTO MedicalRecord VALUES ('1000140', '10140', '113.50', '23.0', 'NULL');
INSERT INTO MedicalRecord VALUES ('1000150', '10150', '133.10', '53.9', 'NULL');
INSERT INTO MedicalRecord VALUES ('1000160', '10160', '135.20', '56.1', 'NULL');
INSERT INTO MedicalRecord VALUES ('1000170', '10170', ' 95.10', '66.1', 'NULL');
INSERT INTO MedicalRecord VALUES ('1000180', '10180', '182.10', '56.5', 'NULL');
INSERT INTO MedicalRecord VALUES ('1000190', '10190', '166.90', '54.5', 'NULL');
INSERT INTO MedicalRecord VALUES ('1000200', '10200', '166.10', '35.2', 'NULL');
INSERT INTO MedicalRecord VALUES ('1000210', '10210', '134.10', '40.9', 'NULL');
INSERT INTO MedicalRecord VALUES ('1000220', '10220', '122.70', '65.4', 'NULL');
INSERT INTO MedicalRecord VALUES ('1000230', '10230', '221.40', '47.1', 'NULL');
INSERT INTO MedicalRecord VALUES ('1000240', '10240', '141.30', '49.5', 'NULL');
INSERT INTO MedicalRecord VALUES ('1000250', '10250', '219.30', '45.3', 'NULL');
INSERT INTO MedicalRecord VALUES ('1000260', '10260', '154.90', '53.0', 'NULL');
INSERT INTO MedicalRecord VALUES ('1000270', '10270', '154.20', '45.1', 'NULL');
INSERT INTO MedicalRecord VALUES ('1000280', '10280', '109.40', '29.6', 'NULL');
INSERT INTO MedicalRecord VALUES ('1000290', '10290', '140.50', '43.1', 'NULL');
INSERT INTO MedicalRecord VALUES ('1000300', '10300', '155.90', '48.6', 'NULL');
INSERT INTO MedicalRecord VALUES ('1000310', '10310', '165.10', '43.2', 'NULL');
INSERT INTO MedicalRecord VALUES ('1000320', '10320', '146.90', '60.4', 'NULL');
INSERT INTO MedicalRecord VALUES ('1000330', '10330', '109.10', '39.5', 'NULL');
INSERT INTO MedicalRecord VALUES ('1000340', '10340', '157.40', '48.1', 'NULL');
INSERT INTO MedicalRecord VALUES ('1000350', '10350', '150.90', '53.9', 'NULL');
INSERT INTO MedicalRecord VALUES ('1000360', '10360', '143.90', '59.8', 'NULL');
INSERT INTO MedicalRecord VALUES ('1000370', '10370', '168.30', '65.9', 'NULL');
INSERT INTO MedicalRecord VALUES ('1000380', '10380', '109.70', '50.9', 'NULL');
INSERT INTO MedicalRecord VALUES ('1000390', '10390', '152.30', '47.1', 'NULL');
INSERT INTO MedicalRecord VALUES ('1000400', '10400', '163.60', '45.8', 'NULL');
INSERT INTO MedicalRecord VALUES ('1000410', '10410', '155.80', '36.1', 'NULL');
INSERT INTO MedicalRecord VALUES ('1000420', '10420', '159.90', '49.8', 'NULL');
INSERT INTO MedicalRecord VALUES ('1000430', '10430', '149.30', '50.8', 'NULL');
INSERT INTO MedicalRecord VALUES ('1000440', '10440', '142.30', '53.5', 'NULL');
INSERT INTO MedicalRecord VALUES ('1000450', '10450', '150.10', '62.0', 'NULL');
INSERT INTO MedicalRecord VALUES ('1000460', '10460', '168.90', '39.0', 'NULL');
INSERT INTO MedicalRecord VALUES ('1000470', '10470', '157.40', '40.0', 'NULL');
INSERT INTO MedicalRecord VALUES ('1000480', '10480', '157.90', '54.4', 'NULL');
INSERT INTO MedicalRecord VALUES ('1000490', '10490', '204.20', '54.2', 'NULL');
INSERT INTO MedicalRecord VALUES ('1000500', '10500', '152.20', '40.4', 'NULL');
INSERT INTO MedicalRecord VALUES ('1000510', '10510', '117.00', '48.0', 'NULL');
INSERT INTO MedicalRecord VALUES ('1000520', '10520', '154.70', '55.9', 'NULL');
INSERT INTO MedicalRecord VALUES ('1000530', '10530', '200.20', '41.3', 'NULL');
INSERT INTO MedicalRecord VALUES ('1000540', '10540', '141.80', '46.2', 'NULL');
INSERT INTO MedicalRecord VALUES ('1000550', '10550', '156.10', '51.0', 'NULL');
INSERT INTO MedicalRecord VALUES ('1000560', '10560', '111.90', '38.9', 'NULL');
INSERT INTO MedicalRecord VALUES ('1000570', '10570', '177.40', '44.7', 'NULL');
INSERT INTO MedicalRecord VALUES ('1000580', '10580', '165.50', '66.3', 'NULL');
INSERT INTO MedicalRecord VALUES ('1000590', '10590', '118.40', '56.8', 'NULL');
INSERT INTO MedicalRecord VALUES ('1000600', '10600', '145.10', '70.0', 'NULL');
INSERT INTO MedicalRecord VALUES ('1000610', '10610', '132.40', '57.0', 'NULL');
INSERT INTO MedicalRecord VALUES ('1000620', '10620', '104.10', '43.6', 'NULL');
INSERT INTO MedicalRecord VALUES ('1000630', '10630', '158.20', '31.9', 'NULL');
INSERT INTO MedicalRecord VALUES ('1000640', '10640', '144.30', '58.9', 'NULL');
INSERT INTO MedicalRecord VALUES ('1000650', '10650', '175.10', '36.1', 'NULL');
INSERT INTO MedicalRecord VALUES ('1000660', '10660', ' 97.89', '56.4', 'NULL');
INSERT INTO MedicalRecord VALUES ('1000670', '10670', '216.00', '50.6', 'NULL');
INSERT INTO MedicalRecord VALUES ('1000680', '10680', '187.20', '58.9', 'NULL');
INSERT INTO MedicalRecord VALUES ('1000690', '10690', '128.50', '43.0', 'NULL');
INSERT INTO MedicalRecord VALUES ('1000700', '10700', '191.70', '57.0', 'NULL');
INSERT INTO MedicalRecord VALUES ('1000710', '10710', '151.50', '50.9', 'NULL');
INSERT INTO MedicalRecord VALUES ('1000720', '10720', '115.00', '45.3', 'NULL');
INSERT INTO MedicalRecord VALUES ('1000730', '10730', '175.90', '51.7', 'NULL');
INSERT INTO MedicalRecord VALUES ('1000740', '10740', '147.20', '67.4', 'NULL');
INSERT INTO MedicalRecord VALUES ('1000750', '10750', '171.10', '51.2', 'NULL');
INSERT INTO MedicalRecord VALUES ('1000760', '10760', '163.20', '69.9', 'NULL');
INSERT INTO MedicalRecord VALUES ('1000770', '10770', '156.90', '58.4', 'NULL');
INSERT INTO MedicalRecord VALUES ('1000780', '10780', '160.10', '54.9', 'NULL');
INSERT INTO MedicalRecord VALUES ('1000790', '10790', '179.90', '51.2', 'NULL');
INSERT INTO MedicalRecord VALUES ('1000800', '10800', '139.40', '44.6', 'NULL');
INSERT INTO MedicalRecord VALUES ('1000810', '10810', '140.60', '49.9', 'NULL');
INSERT INTO MedicalRecord VALUES ('1000820', '10820', '124.60', '33.8', 'NULL');
INSERT INTO MedicalRecord VALUES ('1000830', '10830', '136.20', '17.0', 'NULL');
INSERT INTO MedicalRecord VALUES ('1000840', '10840', '108.50', '52.5', 'NULL');
INSERT INTO MedicalRecord VALUES ('1000850', '10850', '138.60', '48.8', 'NULL');
INSERT INTO MedicalRecord VALUES ('1000860', '10860', '147.70', '32.1', 'NULL');
INSERT INTO MedicalRecord VALUES ('1000870', '10870', '124.20', '42.2', 'NULL');
INSERT INTO MedicalRecord VALUES ('1000880', '10880', '200.10', '49.4', 'NULL');
INSERT INTO MedicalRecord VALUES ('1000890', '10890', '145.30', '55.3', 'NULL');
INSERT INTO MedicalRecord VALUES ('1000900', '10900', '168.70', '42.6', 'NULL');
INSERT INTO MedicalRecord VALUES ('1000910', '10910', '128.20', '44.0', 'NULL');
INSERT INTO MedicalRecord VALUES ('1000920', '10920', '157.10', '39.4', 'NULL');
INSERT INTO MedicalRecord VALUES ('1000930', '10930', '168.50', '50.0', 'NULL');
INSERT INTO MedicalRecord VALUES ('1000940', '10940', '172.80', '47.0', 'NULL');
INSERT INTO MedicalRecord VALUES ('1000950', '10950', '178.80', '43.8', 'NULL');
INSERT INTO MedicalRecord VALUES ('1000960', '10960', '133.60', '45.4', 'NULL');
INSERT INTO MedicalRecord VALUES ('1000970', '10970', '113.60', '45.4', 'NULL');
INSERT INTO MedicalRecord VALUES ('1000980', '10980', '183.10', '49.2', 'NULL');
INSERT INTO MedicalRecord VALUES ('1000990', '10990', '158.80', '51.3', 'NULL');
INSERT INTO Allergy VALUES ('1000040', 'Soy');
INSERT INTO Allergy VALUES ('1000040', ' Wheat');
INSERT INTO Allergy VALUES ('1000050', 'Wheat');
INSERT INTO Allergy VALUES ('1000050', ' Fish');
INSERT INTO Allergy VALUES ('1000050', ' Shellfish');
INSERT INTO Allergy VALUES ('1000110', 'Eggs');
INSERT INTO Allergy VALUES ('1000140', 'Soy');
INSERT INTO Allergy VALUES ('1000180', 'Milk');
INSERT INTO Allergy VALUES ('1000190', 'Tree nuts');
INSERT INTO Allergy VALUES ('1000200', 'Fish');
INSERT INTO Allergy VALUES ('1000300', 'Milk');
INSERT INTO Allergy VALUES ('1000300', ' Fish');
INSERT INTO Allergy VALUES ('1000350', 'Peanuts');
INSERT INTO Allergy VALUES ('1000350', ' Soy');
INSERT INTO Allergy VALUES ('1000370', 'Tree nuts');
INSERT INTO Allergy VALUES ('1000410', 'Peanuts');
INSERT INTO Allergy VALUES ('1000410', ' Fish');
INSERT INTO Allergy VALUES ('1000410', ' Shellfish');
INSERT INTO Allergy VALUES ('1000440', 'Eggs');
INSERT INTO Allergy VALUES ('1000470', 'Tree nuts');
INSERT INTO Allergy VALUES ('1000480', 'Tree nuts');
INSERT INTO Allergy VALUES ('1000540', 'Wheat');
INSERT INTO Allergy VALUES ('1000640', 'Shellfish');
INSERT INTO Allergy VALUES ('1000660', 'Soy');
INSERT INTO Allergy VALUES ('1000660', ' Wheat');
INSERT INTO Allergy VALUES ('1000660', ' Shellfish');
INSERT INTO Allergy VALUES ('1000690', 'Shellfish');
INSERT INTO Allergy VALUES ('1000740', 'Milk');
INSERT INTO Allergy VALUES ('1000740', ' Peanuts');
INSERT INTO Allergy VALUES ('1000780', 'Wheat');
INSERT INTO Allergy VALUES ('1000810', 'Peanuts');
INSERT INTO Allergy VALUES ('1000810', ' Soy');
INSERT INTO Allergy VALUES ('1000810', ' Shellfish');
INSERT INTO Allergy VALUES ('1000830', 'Milk');
INSERT INTO Allergy VALUES ('1000830', ' Eggs');
INSERT INTO Allergy VALUES ('1000830', ' Shellfish');
INSERT INTO Allergy VALUES ('1000840', 'Soy');
INSERT INTO Allergy VALUES ('1000840', ' Wheat');
INSERT INTO Allergy VALUES ('1000850', 'Tree nuts');
INSERT INTO Allergy VALUES ('1000860', 'Peanuts');
INSERT INTO Allergy VALUES ('1000860', ' Wheat');
INSERT INTO Allergy VALUES ('1000860', ' Fish');
INSERT INTO Allergy VALUES ('1000900', 'Eggs');
INSERT INTO Allergy VALUES ('1000950', 'Milk');
INSERT INTO Allergy VALUES ('1000990', 'Peanuts');
INSERT INTO Allergy VALUES ('1000990', ' Tree nuts');
INSERT INTO Vaccination VALUES ('1e+06', 'Flu');
INSERT INTO Vaccination VALUES ('1e+06', 'Polio');
INSERT INTO Vaccination VALUES ('1e+06', 'MMR');
INSERT INTO Vaccination VALUES ('1e+06', 'Varicella');
INSERT INTO Vaccination VALUES ('1000010', 'Polio');
INSERT INTO Vaccination VALUES ('1000020', 'Flu');
INSERT INTO Vaccination VALUES ('1000020', 'Polio');
INSERT INTO Vaccination VALUES ('1000020', 'DTP');
INSERT INTO Vaccination VALUES ('1000020', 'MMR');
INSERT INTO Vaccination VALUES ('1000040', 'Hep B');
INSERT INTO Vaccination VALUES ('1000050', 'Polio');
INSERT INTO Vaccination VALUES ('1000050', 'Flu');
INSERT INTO Vaccination VALUES ('1000050', 'Hep B');
INSERT INTO Vaccination VALUES ('1000060', 'Polio');
INSERT INTO Vaccination VALUES ('1000060', 'MMR');
INSERT INTO Vaccination VALUES ('1000060', 'DTP');
INSERT INTO Vaccination VALUES ('1000070', 'DTP');
INSERT INTO Vaccination VALUES ('1000070', 'Varicella');
INSERT INTO Vaccination VALUES ('1000080', 'Varicella');
INSERT INTO Vaccination VALUES ('1000080', 'Polio');
INSERT INTO Vaccination VALUES ('1000080', 'MMR');
INSERT INTO Vaccination VALUES ('1000080', 'Hep B');
INSERT INTO Vaccination VALUES ('1000110', 'MMR');
INSERT INTO Vaccination VALUES ('1000110', 'Flu');
INSERT INTO Vaccination VALUES ('1000120', 'Hep B');
INSERT INTO Vaccination VALUES ('1000130', 'Polio');
INSERT INTO Vaccination VALUES ('1000130', 'DTP');
INSERT INTO Vaccination VALUES ('1000150', 'Hep B');
INSERT INTO Vaccination VALUES ('1000150', 'Polio');
INSERT INTO Vaccination VALUES ('1000190', 'DTP');
INSERT INTO Vaccination VALUES ('1000190', 'Varicella');
INSERT INTO Vaccination VALUES ('1000190', 'Hep B');
INSERT INTO Vaccination VALUES ('1000190', 'MMR');
INSERT INTO Vaccination VALUES ('1000220', 'MMR');
INSERT INTO Vaccination VALUES ('1000220', 'Polio');
INSERT INTO Vaccination VALUES ('1000220', 'Hep B');
INSERT INTO Vaccination VALUES ('1000220', 'DTP');
INSERT INTO Vaccination VALUES ('1000230', 'Hep B');
INSERT INTO Vaccination VALUES ('1000230', 'Flu');
INSERT INTO Vaccination VALUES ('1000230', 'MMR');
INSERT INTO Vaccination VALUES ('1000230', 'Polio');
INSERT INTO Vaccination VALUES ('1000240', 'DTP');
INSERT INTO Vaccination VALUES ('1000240', 'Varicella');
INSERT INTO Vaccination VALUES ('1000250', 'Polio');
INSERT INTO Vaccination VALUES ('1000250', 'Hep B');
INSERT INTO Vaccination VALUES ('1000250', 'DTP');
INSERT INTO Vaccination VALUES ('1000250', 'Flu');
INSERT INTO Vaccination VALUES ('1000260', 'Polio');
INSERT INTO Vaccination VALUES ('1000260', 'Flu');
INSERT INTO Vaccination VALUES ('1000260', 'MMR');
INSERT INTO Vaccination VALUES ('1000270', 'Hep B');
INSERT INTO Vaccination VALUES ('1000270', 'DTP');
INSERT INTO Vaccination VALUES ('1000270', 'Varicella');
INSERT INTO Vaccination VALUES ('1000270', 'Polio');
INSERT INTO Vaccination VALUES ('1000280', 'MMR');
INSERT INTO Vaccination VALUES ('1000280', 'Varicella');
INSERT INTO Vaccination VALUES ('1000280', 'Polio');
INSERT INTO Vaccination VALUES ('1000280', 'Hep B');
INSERT INTO Vaccination VALUES ('1000290', 'Polio');
INSERT INTO Vaccination VALUES ('1000290', 'Hep B');
INSERT INTO Vaccination VALUES ('1000290', 'Varicella');
INSERT INTO Vaccination VALUES ('1000290', 'Flu');
INSERT INTO Vaccination VALUES ('1000300', 'Polio');
INSERT INTO Vaccination VALUES ('1000300', 'DTP');
INSERT INTO Vaccination VALUES ('1000300', 'MMR');
INSERT INTO Vaccination VALUES ('1000320', 'Hep B');
INSERT INTO Vaccination VALUES ('1000320', 'Flu');
INSERT INTO Vaccination VALUES ('1000330', 'DTP');
INSERT INTO Vaccination VALUES ('1000330', 'Varicella');
INSERT INTO Vaccination VALUES ('1000330', 'Flu');
INSERT INTO Vaccination VALUES ('1000340', 'Hep B');
INSERT INTO Vaccination VALUES ('1000350', 'Varicella');
INSERT INTO Vaccination VALUES ('1000350', 'DTP');
INSERT INTO Vaccination VALUES ('1000350', 'Hep B');
INSERT INTO Vaccination VALUES ('1000360', 'Hep B');
INSERT INTO Vaccination VALUES ('1000370', 'Hep B');
INSERT INTO Vaccination VALUES ('1000370', 'Varicella');
INSERT INTO Vaccination VALUES ('1000370', 'MMR');
INSERT INTO Vaccination VALUES ('1000380', 'Varicella');
INSERT INTO Vaccination VALUES ('1000390', 'Polio');
INSERT INTO Vaccination VALUES ('1000390', 'Varicella');
INSERT INTO Vaccination VALUES ('1000390', 'Flu');
INSERT INTO Vaccination VALUES ('1000400', 'Flu');
INSERT INTO Vaccination VALUES ('1000400', 'DTP');
INSERT INTO Vaccination VALUES ('1000410', 'Hep B');
INSERT INTO Vaccination VALUES ('1000420', 'Varicella');
INSERT INTO Vaccination VALUES ('1000420', 'Polio');
INSERT INTO Vaccination VALUES ('1000430', 'Polio');
INSERT INTO Vaccination VALUES ('1000430', 'Flu');
INSERT INTO Vaccination VALUES ('1000430', 'MMR');
INSERT INTO Vaccination VALUES ('1000430', 'Varicella');
INSERT INTO Vaccination VALUES ('1000440', 'Hep B');
INSERT INTO Vaccination VALUES ('1000450', 'MMR');
INSERT INTO Vaccination VALUES ('1000460', 'MMR');
INSERT INTO Vaccination VALUES ('1000470', 'Flu');
INSERT INTO Vaccination VALUES ('1000470', 'DTP');
INSERT INTO Vaccination VALUES ('1000470', 'Varicella');
INSERT INTO Vaccination VALUES ('1000480', 'Flu');
INSERT INTO Vaccination VALUES ('1000480', 'Hep B');
INSERT INTO Vaccination VALUES ('1000480', 'Varicella');
INSERT INTO Vaccination VALUES ('1000490', 'Flu');
INSERT INTO Vaccination VALUES ('1000490', 'Varicella');
INSERT INTO Vaccination VALUES ('1000500', 'Polio');
INSERT INTO Vaccination VALUES ('1000500', 'Flu');
INSERT INTO Vaccination VALUES ('1000500', 'Varicella');
INSERT INTO Vaccination VALUES ('1000540', 'Varicella');
INSERT INTO Vaccination VALUES ('1000550', 'Polio');
INSERT INTO Vaccination VALUES ('1000550', 'DTP');
INSERT INTO Vaccination VALUES ('1000560', 'Varicella');
INSERT INTO Vaccination VALUES ('1000560', 'DTP');
INSERT INTO Vaccination VALUES ('1000560', 'Hep B');
INSERT INTO Vaccination VALUES ('1000560', 'Flu');
INSERT INTO Vaccination VALUES ('1000570', 'Flu');
INSERT INTO Vaccination VALUES ('1000590', 'DTP');
INSERT INTO Vaccination VALUES ('1000610', 'Polio');
INSERT INTO Vaccination VALUES ('1000610', 'Hep B');
INSERT INTO Vaccination VALUES ('1000610', 'DTP');
INSERT INTO Vaccination VALUES ('1000610', 'Flu');
INSERT INTO Vaccination VALUES ('1000620', 'Flu');
INSERT INTO Vaccination VALUES ('1000620', 'MMR');
INSERT INTO Vaccination VALUES ('1000640', 'Hep B');
INSERT INTO Vaccination VALUES ('1000650', 'MMR');
INSERT INTO Vaccination VALUES ('1000650', 'Flu');
INSERT INTO Vaccination VALUES ('1000650', 'Varicella');
INSERT INTO Vaccination VALUES ('1000650', 'Hep B');
INSERT INTO Vaccination VALUES ('1000660', 'DTP');
INSERT INTO Vaccination VALUES ('1000660', 'Flu');
INSERT INTO Vaccination VALUES ('1000660', 'Polio');
INSERT INTO Vaccination VALUES ('1000660', 'MMR');
INSERT INTO Vaccination VALUES ('1000680', 'DTP');
INSERT INTO Vaccination VALUES ('1000680', 'MMR');
INSERT INTO Vaccination VALUES ('1000680', 'Flu');
INSERT INTO Vaccination VALUES ('1000690', 'MMR');
INSERT INTO Vaccination VALUES ('1000690', 'Polio');
INSERT INTO Vaccination VALUES ('1000690', 'Varicella');
INSERT INTO Vaccination VALUES ('1000690', 'Flu');
INSERT INTO Vaccination VALUES ('1000710', 'DTP');
INSERT INTO Vaccination VALUES ('1000710', 'Polio');
INSERT INTO Vaccination VALUES ('1000720', 'Hep B');
INSERT INTO Vaccination VALUES ('1000720', 'MMR');
INSERT INTO Vaccination VALUES ('1000720', 'Varicella');
INSERT INTO Vaccination VALUES ('1000720', 'Flu');
INSERT INTO Vaccination VALUES ('1000730', 'Polio');
INSERT INTO Vaccination VALUES ('1000740', 'Polio');
INSERT INTO Vaccination VALUES ('1000760', 'Polio');
INSERT INTO Vaccination VALUES ('1000770', 'DTP');
INSERT INTO Vaccination VALUES ('1000770', 'Varicella');
INSERT INTO Vaccination VALUES ('1000770', 'Flu');
INSERT INTO Vaccination VALUES ('1000780', 'Polio');
INSERT INTO Vaccination VALUES ('1000780', 'Hep B');
INSERT INTO Vaccination VALUES ('1000780', 'DTP');
INSERT INTO Vaccination VALUES ('1000790', 'MMR');
INSERT INTO Vaccination VALUES ('1000790', 'Hep B');
INSERT INTO Vaccination VALUES ('1000800', 'Polio');
INSERT INTO Vaccination VALUES ('1000800', 'Flu');
INSERT INTO Vaccination VALUES ('1000800', 'Hep B');
INSERT INTO Vaccination VALUES ('1000800', 'MMR');
INSERT INTO Vaccination VALUES ('1000810', 'DTP');
INSERT INTO Vaccination VALUES ('1000810', 'Hep B');
INSERT INTO Vaccination VALUES ('1000810', 'Varicella');
INSERT INTO Vaccination VALUES ('1000810', 'Polio');
INSERT INTO Vaccination VALUES ('1000830', 'Varicella');
INSERT INTO Vaccination VALUES ('1000840', 'Hep B');
INSERT INTO Vaccination VALUES ('1000840', 'Varicella');
INSERT INTO Vaccination VALUES ('1000840', 'Flu');
INSERT INTO Vaccination VALUES ('1000840', 'Polio');
INSERT INTO Vaccination VALUES ('1000860', 'Hep B');
INSERT INTO Vaccination VALUES ('1000860', 'Polio');
INSERT INTO Vaccination VALUES ('1000860', 'Flu');
INSERT INTO Vaccination VALUES ('1000880', 'DTP');
INSERT INTO Vaccination VALUES ('1000900', 'Hep B');
INSERT INTO Vaccination VALUES ('1000910', 'Flu');
INSERT INTO Vaccination VALUES ('1000910', 'MMR');
INSERT INTO Vaccination VALUES ('1000920', 'Varicella');
INSERT INTO Vaccination VALUES ('1000930', 'DTP');
INSERT INTO Vaccination VALUES ('1000940', 'MMR');
INSERT INTO Vaccination VALUES ('1000940', 'Varicella');
INSERT INTO Vaccination VALUES ('1000950', 'Hep B');
INSERT INTO Vaccination VALUES ('1000950', 'Flu');
INSERT INTO Vaccination VALUES ('1000950', 'Varicella');
INSERT INTO Vaccination VALUES ('1000970', 'Hep B');
INSERT INTO Vaccination VALUES ('1000970', 'Polio');
INSERT INTO Vaccination VALUES ('1000970', 'Varicella');
INSERT INTO Vaccination VALUES ('1000980', 'DTP');
INSERT INTO Vaccination VALUES ('1000980', 'MMR');
INSERT INTO Vaccination VALUES ('1000990', 'Polio');
INSERT INTO Vaccination VALUES ('1000990', 'Hep B');

INSERT INTO CaresFor VALUES ('250', '10000');
INSERT INTO CaresFor VALUES ('260', '10010');
INSERT INTO CaresFor VALUES ('270', '10020');
INSERT INTO CaresFor VALUES ('280', '10030');
INSERT INTO CaresFor VALUES ('290', '10040');
INSERT INTO CaresFor VALUES ('300', '10050');
INSERT INTO CaresFor VALUES ('310', '10060');
INSERT INTO CaresFor VALUES ('320', '10070');
INSERT INTO CaresFor VALUES ('330', '10080');
INSERT INTO CaresFor VALUES ('250', '10090');
INSERT INTO CaresFor VALUES ('260', '10100');
INSERT INTO CaresFor VALUES ('270', '10110');
INSERT INTO CaresFor VALUES ('280', '10120');
INSERT INTO CaresFor VALUES ('290', '10130');
INSERT INTO CaresFor VALUES ('300', '10140');
INSERT INTO CaresFor VALUES ('310', '10150');
INSERT INTO CaresFor VALUES ('320', '10160');
INSERT INTO CaresFor VALUES ('330', '10170');
INSERT INTO CaresFor VALUES ('250', '10180');
INSERT INTO CaresFor VALUES ('260', '10190');
INSERT INTO CaresFor VALUES ('270', '10200');
INSERT INTO CaresFor VALUES ('280', '10210');
INSERT INTO CaresFor VALUES ('290', '10220');
INSERT INTO CaresFor VALUES ('300', '10230');
INSERT INTO CaresFor VALUES ('310', '10240');
INSERT INTO CaresFor VALUES ('320', '10250');
INSERT INTO CaresFor VALUES ('330', '10260');
INSERT INTO CaresFor VALUES ('250', '10270');
INSERT INTO CaresFor VALUES ('260', '10280');
INSERT INTO CaresFor VALUES ('270', '10290');
INSERT INTO CaresFor VALUES ('280', '10300');
INSERT INTO CaresFor VALUES ('290', '10310');
INSERT INTO CaresFor VALUES ('300', '10320');
INSERT INTO CaresFor VALUES ('310', '10330');
INSERT INTO CaresFor VALUES ('320', '10340');
INSERT INTO CaresFor VALUES ('330', '10350');
INSERT INTO CaresFor VALUES ('250', '10360');
INSERT INTO CaresFor VALUES ('260', '10370');
INSERT INTO CaresFor VALUES ('270', '10380');
INSERT INTO CaresFor VALUES ('280', '10390');
INSERT INTO CaresFor VALUES ('290', '10400');
INSERT INTO CaresFor VALUES ('300', '10410');
INSERT INTO CaresFor VALUES ('310', '10420');
INSERT INTO CaresFor VALUES ('320', '10430');
INSERT INTO CaresFor VALUES ('330', '10440');
INSERT INTO CaresFor VALUES ('250', '10450');
INSERT INTO CaresFor VALUES ('260', '10460');
INSERT INTO CaresFor VALUES ('270', '10470');
INSERT INTO CaresFor VALUES ('280', '10480');
INSERT INTO CaresFor VALUES ('290', '10490');
INSERT INTO CaresFor VALUES ('300', '10500');
INSERT INTO CaresFor VALUES ('310', '10510');
INSERT INTO CaresFor VALUES ('320', '10520');
INSERT INTO CaresFor VALUES ('330', '10530');
INSERT INTO CaresFor VALUES ('250', '10540');
INSERT INTO CaresFor VALUES ('260', '10550');
INSERT INTO CaresFor VALUES ('270', '10560');
INSERT INTO CaresFor VALUES ('280', '10570');
INSERT INTO CaresFor VALUES ('290', '10580');
INSERT INTO CaresFor VALUES ('300', '10590');
INSERT INTO CaresFor VALUES ('310', '10600');
INSERT INTO CaresFor VALUES ('320', '10610');
INSERT INTO CaresFor VALUES ('330', '10620');
INSERT INTO CaresFor VALUES ('250', '10630');
INSERT INTO CaresFor VALUES ('260', '10640');
INSERT INTO CaresFor VALUES ('270', '10650');
INSERT INTO CaresFor VALUES ('280', '10660');
INSERT INTO CaresFor VALUES ('290', '10670');
INSERT INTO CaresFor VALUES ('300', '10680');
INSERT INTO CaresFor VALUES ('310', '10690');
INSERT INTO CaresFor VALUES ('320', '10700');
INSERT INTO CaresFor VALUES ('330', '10710');
INSERT INTO CaresFor VALUES ('250', '10720');
INSERT INTO CaresFor VALUES ('260', '10730');
INSERT INTO CaresFor VALUES ('270', '10740');
INSERT INTO CaresFor VALUES ('280', '10750');
INSERT INTO CaresFor VALUES ('290', '10760');
INSERT INTO CaresFor VALUES ('300', '10770');
INSERT INTO CaresFor VALUES ('310', '10780');
INSERT INTO CaresFor VALUES ('320', '10790');
INSERT INTO CaresFor VALUES ('330', '10800');
INSERT INTO CaresFor VALUES ('250', '10810');
INSERT INTO CaresFor VALUES ('260', '10820');
INSERT INTO CaresFor VALUES ('270', '10830');
INSERT INTO CaresFor VALUES ('280', '10840');
INSERT INTO CaresFor VALUES ('290', '10850');
INSERT INTO CaresFor VALUES ('300', '10860');
INSERT INTO CaresFor VALUES ('310', '10870');
INSERT INTO CaresFor VALUES ('320', '10880');
INSERT INTO CaresFor VALUES ('330', '10890');
INSERT INTO CaresFor VALUES ('250', '10900');
INSERT INTO CaresFor VALUES ('260', '10910');
INSERT INTO CaresFor VALUES ('270', '10920');
INSERT INTO CaresFor VALUES ('280', '10930');
INSERT INTO CaresFor VALUES ('290', '10940');
INSERT INTO CaresFor VALUES ('300', '10950');
INSERT INTO CaresFor VALUES ('310', '10960');
INSERT INTO CaresFor VALUES ('320', '10970');
INSERT INTO CaresFor VALUES ('330', '10980');
INSERT INTO CaresFor VALUES ('330', '10990');
INSERT INTO CaresFor VALUES ('340', '10300');
INSERT INTO CaresFor VALUES ('340', '10530');
INSERT INTO CaresFor VALUES ('340', '10360');
INSERT INTO CaresFor VALUES ('340', '10750');
INSERT INTO CaresFor VALUES ('340', '10930');
INSERT INTO CaresFor VALUES ('340', '10460');
INSERT INTO CaresFor VALUES ('340', '10180');
INSERT INTO CaresFor VALUES ('340', '10380');
INSERT INTO CaresFor VALUES ('340', '10590');
INSERT INTO CaresFor VALUES ('340', '10260');
INSERT INTO CaresFor VALUES ('340', '10170');
INSERT INTO CaresFor VALUES ('340', '10420');
INSERT INTO CaresFor VALUES ('340', '10020');
INSERT INTO CaresFor VALUES ('340', '10680');
INSERT INTO CaresFor VALUES ('340', '10980');
INSERT INTO CaresFor VALUES ('340', '10620');
INSERT INTO CaresFor VALUES ('340', '10370');
INSERT INTO CaresFor VALUES ('340', '10910');
INSERT INTO CaresFor VALUES ('340', '10520');
INSERT INTO CaresFor VALUES ('340', '10850');
INSERT INTO CaresFor VALUES ('350', '10040');
INSERT INTO CaresFor VALUES ('350', '10410');
INSERT INTO CaresFor VALUES ('350', '10570');
INSERT INTO CaresFor VALUES ('350', '10310');
INSERT INTO CaresFor VALUES ('350', '10400');
INSERT INTO CaresFor VALUES ('350', '10950');
INSERT INTO CaresFor VALUES ('350', '10690');
INSERT INTO CaresFor VALUES ('350', '10890');
INSERT INTO CaresFor VALUES ('350', '10740');
INSERT INTO CaresFor VALUES ('350', '10500');
INSERT INTO CaresFor VALUES ('350', '10450');
INSERT INTO CaresFor VALUES ('350', '10100');
INSERT INTO CaresFor VALUES ('350', '10010');
INSERT INTO CaresFor VALUES ('350', '10940');
INSERT INTO CaresFor VALUES ('350', '10120');
INSERT INTO CaresFor VALUES ('350', '10230');
INSERT INTO CaresFor VALUES ('350', '10710');
INSERT INTO CaresFor VALUES ('350', '10560');
INSERT INTO CaresFor VALUES ('350', '10630');
INSERT INTO CaresFor VALUES ('350', '10360');
INSERT INTO CaresFor VALUES ('360', '10540');
INSERT INTO CaresFor VALUES ('360', '10890');
INSERT INTO CaresFor VALUES ('360', '10550');
INSERT INTO CaresFor VALUES ('360', '10090');
INSERT INTO CaresFor VALUES ('360', '10520');
INSERT INTO CaresFor VALUES ('360', '10680');
INSERT INTO CaresFor VALUES ('360', '10270');
INSERT INTO CaresFor VALUES ('360', '10190');
INSERT INTO CaresFor VALUES ('360', '10940');
INSERT INTO CaresFor VALUES ('360', '10410');
INSERT INTO CaresFor VALUES ('360', '10330');
INSERT INTO CaresFor VALUES ('360', '10240');
INSERT INTO CaresFor VALUES ('360', '10910');
INSERT INTO CaresFor VALUES ('360', '10620');
INSERT INTO CaresFor VALUES ('360', '10990');
INSERT INTO CaresFor VALUES ('360', '10170');
INSERT INTO CaresFor VALUES ('360', '10200');
INSERT INTO CaresFor VALUES ('360', '10710');
INSERT INTO CaresFor VALUES ('360', '10730');
INSERT INTO CaresFor VALUES ('360', '10390');
INSERT INTO CaresFor VALUES ('370', '10190');
INSERT INTO CaresFor VALUES ('370', '10010');
INSERT INTO CaresFor VALUES ('370', '10290');
INSERT INTO CaresFor VALUES ('370', '10640');
INSERT INTO CaresFor VALUES ('370', '10760');
INSERT INTO CaresFor VALUES ('370', '10270');
INSERT INTO CaresFor VALUES ('370', '10500');
INSERT INTO CaresFor VALUES ('370', '10770');
INSERT INTO CaresFor VALUES ('370', '10660');
INSERT INTO CaresFor VALUES ('370', '10570');
INSERT INTO CaresFor VALUES ('370', '10250');
INSERT INTO CaresFor VALUES ('370', '10520');
INSERT INTO CaresFor VALUES ('370', '10830');
INSERT INTO CaresFor VALUES ('370', '10970');
INSERT INTO CaresFor VALUES ('370', '10350');
INSERT INTO CaresFor VALUES ('370', '10600');
INSERT INTO CaresFor VALUES ('370', '10680');
INSERT INTO CaresFor VALUES ('370', '10310');
INSERT INTO CaresFor VALUES ('370', '10590');
INSERT INTO CaresFor VALUES ('370', '10480');
INSERT INTO CaresFor VALUES ('380', '10840');
INSERT INTO CaresFor VALUES ('380', '10380');
INSERT INTO CaresFor VALUES ('380', '10290');
INSERT INTO CaresFor VALUES ('380', '10080');
INSERT INTO CaresFor VALUES ('380', '10260');
INSERT INTO CaresFor VALUES ('380', '10150');
INSERT INTO CaresFor VALUES ('380', '10940');
INSERT INTO CaresFor VALUES ('380', '10240');
INSERT INTO CaresFor VALUES ('380', '10040');
INSERT INTO CaresFor VALUES ('380', '10440');
INSERT INTO CaresFor VALUES ('380', '10090');
INSERT INTO CaresFor VALUES ('380', '10670');
INSERT INTO CaresFor VALUES ('380', '10510');
INSERT INTO CaresFor VALUES ('380', '10850');
INSERT INTO CaresFor VALUES ('380', '10070');
INSERT INTO CaresFor VALUES ('380', '10390');
INSERT INTO CaresFor VALUES ('380', '10490');
INSERT INTO CaresFor VALUES ('380', '10800');
INSERT INTO CaresFor VALUES ('380', '10680');
INSERT INTO CaresFor VALUES ('380', '10000');
INSERT INTO CaresFor VALUES ('390', '10770');
INSERT INTO CaresFor VALUES ('390', '10800');
INSERT INTO CaresFor VALUES ('390', '10210');
INSERT INTO CaresFor VALUES ('390', '10450');
INSERT INTO CaresFor VALUES ('390', '10410');
INSERT INTO CaresFor VALUES ('390', '10430');
INSERT INTO CaresFor VALUES ('390', '10200');
INSERT INTO CaresFor VALUES ('390', '10870');
INSERT INTO CaresFor VALUES ('390', '10500');
INSERT INTO CaresFor VALUES ('390', '10700');
INSERT INTO CaresFor VALUES ('390', '10180');
INSERT INTO CaresFor VALUES ('390', '10290');
INSERT INTO CaresFor VALUES ('390', '10790');
INSERT INTO CaresFor VALUES ('390', '10680');
INSERT INTO CaresFor VALUES ('390', '10270');
INSERT INTO CaresFor VALUES ('390', '10480');
INSERT INTO CaresFor VALUES ('390', '10070');
INSERT INTO CaresFor VALUES ('390', '10360');
INSERT INTO CaresFor VALUES ('390', '10390');
INSERT INTO CaresFor VALUES ('390', '10100');
INSERT INTO Laboratory VALUES ('10', 'Zoovu Labs', '617 Maple Wood Circle', 'Boudinar');
INSERT INTO Laboratory VALUES ('20', 'Realblab Labs', '1256 Artisan Drive', 'Dayin');
INSERT INTO Laboratory VALUES ('30', 'Ntags Labs', '57688 Bartelt Street', 'Cordeirpolis');
INSERT INTO Laboratory VALUES ('40', 'Riffwire Labs', '2 Carey Alley', 'Koina');
INSERT INTO Laboratory VALUES ('50', 'Yakitri Labs', '2214 Bashford Crossing', 'Kuasha');
INSERT INTO Test VALUES ('100', '10', 'x-ray');
INSERT INTO Test VALUES ('110', '20', 'x-ray');
INSERT INTO Test VALUES ('120', '30', 'x-ray');
INSERT INTO Test VALUES ('130', '40', 'x-ray');
INSERT INTO Test VALUES ('140', '50', 'x-ray');
INSERT INTO Test VALUES ('150', '10', 'blood test');
INSERT INTO Test VALUES ('160', '20', 'blood test');
INSERT INTO Test VALUES ('170', '30', 'blood test');
INSERT INTO Test VALUES ('180', '40', 'blood test');
INSERT INTO Test VALUES ('190', '50', 'blood test');
INSERT INTO Test VALUES ('200', '10', 'bacterial culture');
INSERT INTO Test VALUES ('210', '20', 'bacterial culture');
INSERT INTO Test VALUES ('220', '30', 'bacterial culture');
INSERT INTO Test VALUES ('230', '40', 'bacterial culture');
INSERT INTO Test VALUES ('240', '50', 'bacterial culture');
INSERT INTO Test VALUES ('250', '10', 'urine test');
INSERT INTO Test VALUES ('260', '20', 'urine test');
INSERT INTO Test VALUES ('270', '30', 'urine test');
INSERT INTO Test VALUES ('280', '40', 'urine test');
INSERT INTO Test VALUES ('290', '50', 'urine test');
INSERT INTO Test VALUES ('300', '10', 'kidney/liver test');
INSERT INTO Test VALUES ('310', '20', 'kidney/liver test');
INSERT INTO Test VALUES ('320', '30', 'kidney/liver test');
INSERT INTO Test VALUES ('330', '40', 'kidney/liver test');
INSERT INTO Test VALUES ('340', '50', 'kidney/liver test');
INSERT INTO LabOrder VALUES ('330', '360', '10620', '2016-11-13', 'NULL', 'not completed', '12:11');
INSERT INTO LabOrder VALUES ('200', '380', '10440', '2017-01-14', 'NULL', 'not completed', '14:30');
INSERT INTO LabOrder VALUES ('130', '290', '10310', '2016-03-12', 'NULL', 'completed', '09:34');
INSERT INTO LabOrder VALUES ('130', '270', '10200', '2016-12-16', 'NULL', 'not completed', '11:41');
INSERT INTO LabOrder VALUES ('330', '270', '10470', '2016-09-29', 'NULL', 'completed', '11:43');
INSERT INTO LabOrder VALUES ('240', '260', '10820', '2016-05-01', 'NULL', 'not completed', '10:47');
INSERT INTO LabOrder VALUES ('120', '380', '10040', '2016-07-15', 'NULL', 'not completed', '14:39');
INSERT INTO LabOrder VALUES ('190', '290', '10580', '2017-08-08', 'NULL', 'not completed', '15:07');
INSERT INTO LabOrder VALUES ('150', '340', '10910', '2016-08-05', 'NULL', 'not completed', '09:43');
INSERT INTO LabOrder VALUES ('320', '360', '10730', '2017-04-29', 'NULL', 'completed', '08:34');
INSERT INTO LabOrder VALUES ('220', '290', '10760', '2017-09-23', 'NULL', 'not completed', '13:10');
INSERT INTO LabOrder VALUES ('240', '250', '10810', '2016-04-27', 'NULL', 'completed', '14:24');
INSERT INTO LabOrder VALUES ('200', '380', '10080', '2017-01-13', 'NULL', 'not completed', '16:16');
INSERT INTO LabOrder VALUES ('240', '280', '10030', '2016-02-08', 'NULL', 'not completed', '08:06');
INSERT INTO LabOrder VALUES ('260', '370', '10190', '2017-02-23', 'NULL', 'completed', '15:42');
INSERT INTO LabOrder VALUES ('230', '320', '10250', '2017-12-05', 'NULL', 'completed', '16:12');
INSERT INTO LabOrder VALUES ('110', '320', '10430', '2017-03-07', 'NULL', 'not completed', '11:14');
INSERT INTO LabOrder VALUES ('270', '270', '10110', '2017-07-14', 'NULL', 'completed', '09:41');
INSERT INTO LabOrder VALUES ('300', '350', '10310', '2017-08-11', 'NULL', 'completed', '11:09');
INSERT INTO LabOrder VALUES ('110', '320', '10340', '2017-08-27', 'NULL', 'completed', '11:29');
INSERT INTO LabOrder VALUES ('230', '370', '10190', '2016-04-13', 'NULL', 'completed', '09:20');
INSERT INTO LabOrder VALUES ('240', '280', '10480', '2017-10-09', 'NULL', 'not completed', '09:16');
INSERT INTO LabOrder VALUES ('160', '310', '10600', '2017-03-06', 'NULL', 'not completed', '11:60');
INSERT INTO LabOrder VALUES ('300', '380', '10940', '2016-06-19', 'NULL', 'completed', '08:20');
INSERT INTO LabOrder VALUES ('280', '350', '10710', '2016-12-31', 'NULL', 'not completed', '16:40');
INSERT INTO LabOrder VALUES ('170', '300', '10590', '2017-12-28', 'NULL', 'not completed', '14:05');
INSERT INTO LabOrder VALUES ('160', '300', '10320', '2017-12-08', 'NULL', 'completed', '12:12');
INSERT INTO LabOrder VALUES ('160', '380', '10240', '2017-03-23', 'NULL', 'not completed', '08:53');
INSERT INTO LabOrder VALUES ('140', '360', '10330', '2016-09-13', 'NULL', 'completed', '12:37');
INSERT INTO LabOrder VALUES ('110', '330', '10800', '2017-06-16', 'NULL', 'completed', '13:16');
INSERT INTO Appointment VALUES ('110', '9365310', '13:49', '2017-05-31', '10500');
INSERT INTO Appointment VALUES ('110', '5855078', '16:47', '2017-01-07', '10040');
INSERT INTO Appointment VALUES ('100', '5756253', '11:23', '2016-08-12', '10970');
INSERT INTO Appointment VALUES ('110', '4043484', '14:28', '2016-09-08', '10750');
INSERT INTO Appointment VALUES ('100', '1976637', '08:30', '2017-11-17', '10940');
INSERT INTO Appointment VALUES ('120', '4117262', '14:27', '2017-01-16', '10690');
INSERT INTO Appointment VALUES ('110', '6812563', '13:12', '2016-01-31', '10220');
INSERT INTO Appointment VALUES ('120', '1840235', '13:32', '2017-02-14', '10440');
INSERT INTO Appointment VALUES ('100', '7515185', '13:54', '2017-11-27', '10450');
INSERT INTO Appointment VALUES ('120', '5855078', '13:03', '2017-05-14', '10940');
INSERT INTO Appointment VALUES ('100', '1976637', '12:56', '2016-11-07', '10360');
INSERT INTO Appointment VALUES ('110', '6812563', '12:23', '2016-07-28', '10670');
INSERT INTO Appointment VALUES ('110', '9365310', '11:30', '2017-01-28', '10140');
INSERT INTO Appointment VALUES ('100', '7515185', '08:04', '2016-09-01', '10900');
INSERT INTO Appointment VALUES ('120', '3568433', '10:60', '2016-12-11', '10340');
INSERT INTO Appointment VALUES ('120', '3568433', '12:35', '2017-10-13', '10430');
INSERT INTO Appointment VALUES ('120', '5756253', '10:39', '2016-11-13', '10600');
INSERT INTO Appointment VALUES ('110', '9448749', '14:39', '2017-04-06', '10750');
INSERT INTO Appointment VALUES ('120', '2117481', '13:38', '2017-10-12', '10730');
INSERT INTO Appointment VALUES ('110', '6812563', '08:23', '2017-12-06', '10760');
INSERT INTO Appointment VALUES ('100', '1976637', '11:06', '2017-06-19', '10230');
INSERT INTO Appointment VALUES ('120', '1840235', '15:18', '2017-11-16', '10350');
INSERT INTO Appointment VALUES ('120', '1840235', '16:22', '2017-07-11', '10350');
INSERT INTO Appointment VALUES ('110', '6812563', '09:27', '2016-01-11', '10850');
INSERT INTO Appointment VALUES ('110', '1976637', '11:60', '2016-02-06', '10120');
INSERT INTO Appointment VALUES ('100', '6712400', '11:12', '2017-12-08', '10370');
INSERT INTO Appointment VALUES ('100', '7515185', '10:05', '2016-01-25', '10900');
INSERT INTO Appointment VALUES ('100', '6712400', '16:28', '2016-01-07', '10640');
INSERT INTO Appointment VALUES ('110', '6812563', '09:55', '2016-01-07', '10760');
INSERT INTO Appointment VALUES ('110', '6812563', '10:07', '2017-05-10', '10130');
INSERT INTO Appointment VALUES ('120', '4117262', '08:30', '2016-07-24', '10870');
INSERT INTO Appointment VALUES ('120', '1840235', '12:41', '2017-02-17', '10530');
INSERT INTO Appointment VALUES ('100', '6712400', '14:51', '2017-12-23', '10820');
INSERT INTO Appointment VALUES ('110', '9365310', '15:29', '2017-04-06', '10950');
INSERT INTO Appointment VALUES ('100', '6712400', '13:35', '2016-01-19', '10460');
INSERT INTO Appointment VALUES ('120', '1840235', '15:56', '2016-11-10', '10080');
INSERT INTO Appointment VALUES ('110', '6812563', '16:56', '2016-06-30', '10220');
INSERT INTO Appointment VALUES ('120', '1840235', '12:52', '2017-12-09', '10890');
INSERT INTO Appointment VALUES ('110', '9711647', '13:10', '2016-08-06', '10800');
INSERT INTO Appointment VALUES ('120', '4117262', '16:48', '2016-05-28', '10690');
INSERT INTO Appointment VALUES ('110', '9448749', '13:59', '2016-03-25', '10930');
INSERT INTO Appointment VALUES ('120', '2117481', '15:28', '2016-12-25', '10940');
INSERT INTO Appointment VALUES ('120', '4117262', '15:26', '2016-08-30', '10690');
INSERT INTO Appointment VALUES ('100', '2117481', '16:18', '2017-06-13', '10890');
INSERT INTO Appointment VALUES ('110', '9711647', '15:21', '2016-03-24', '10360');
INSERT INTO Appointment VALUES ('100', '2117481', '09:03', '2017-05-02', '10200');
INSERT INTO Appointment VALUES ('100', '7515185', '08:29', '2016-06-01', '10810');
INSERT INTO Appointment VALUES ('100', '6712400', '08:45', '2017-01-22', '10820');
INSERT INTO Appointment VALUES ('100', '7515185', '09:58', '2016-08-02', '10810');
INSERT INTO Appointment VALUES ('120', '5855078', '08:09', '2016-08-29', '10000');
INSERT INTO Prescription VALUES ('100000', '10160', '320', '2016-11-28');
INSERT INTO Prescription VALUES ('100010', '10620', '360', '2017-04-07');
INSERT INTO Prescription VALUES ('100020', '10390', '380', '2017-01-16');
INSERT INTO Prescription VALUES ('100030', '10160', '320', '2016-11-15');
INSERT INTO Prescription VALUES ('100040', '10820', '260', '2016-04-29');
INSERT INTO Prescription VALUES ('100050', '10640', '370', '2016-01-09');
INSERT INTO Prescription VALUES ('100060', '10570', '280', '2017-12-10');
INSERT INTO Prescription VALUES ('100070', '10160', '320', '2017-12-29');
INSERT INTO Prescription VALUES ('100080', '10240', '310', '2016-08-01');
INSERT INTO Prescription VALUES ('100090', '10880', '320', '2016-03-01');
INSERT INTO Prescription VALUES ('100100', '10000', '380', '2016-06-30');
INSERT INTO Prescription VALUES ('100110', '10330', '360', '2017-11-20');
INSERT INTO Prescription VALUES ('100120', '10970', '370', '2017-07-10');
INSERT INTO Prescription VALUES ('100130', '10120', '350', '2017-01-22');
INSERT INTO Prescription VALUES ('100140', '10270', '390', '2017-09-28');
INSERT INTO Prescription VALUES ('100150', '10930', '340', '2016-10-26');
INSERT INTO Prescription VALUES ('100160', '10560', '270', '2017-10-27');
INSERT INTO Prescription VALUES ('100170', '10310', '350', '2016-06-02');
INSERT INTO Prescription VALUES ('100180', '10070', '380', '2017-11-23');
INSERT INTO Prescription VALUES ('100190', '10900', '250', '2016-11-26');
INSERT INTO Prescription VALUES ('100200', '10310', '290', '2017-12-21');
INSERT INTO Prescription VALUES ('100210', '10450', '250', '2016-07-13');
INSERT INTO Prescription VALUES ('100220', '10970', '320', '2016-01-16');
INSERT INTO Prescription VALUES ('100230', '10410', '390', '2017-12-30');
INSERT INTO Prescription VALUES ('100240', '10100', '350', '2017-10-12');
INSERT INTO Prescription VALUES ('100250', '10200', '360', '2017-03-03');
INSERT INTO Prescription VALUES ('100260', '10500', '300', '2016-03-07');
INSERT INTO Prescription VALUES ('100270', '10420', '340', '2016-01-13');
INSERT INTO Prescription VALUES ('100280', '10190', '360', '2017-02-16');
INSERT INTO Prescription VALUES ('100290', '10190', '260', '2017-01-12');

INSERT INTO Drug VALUES ('1000000', 'Causes Analgesia', 'hydrocodone', 'opioid');
INSERT INTO Drug VALUES ('1000010', 'Lowers cholesterol levels, treats hyperlipidemia', 'simvastatin', 'statin');
INSERT INTO Drug VALUES ('1000020', 'treats hypertension by inhibting ACE', 'Lisoinopril', 'ACE inhibitor');
INSERT INTO Drug VALUES ('1000030', 'Mimics endogenous thyroid hormone', 'Synthroid', 'thyroid');
INSERT INTO Drug VALUES ('1000040', 'Used to treat hypertension/agina', 'amlodipine', 'calcium channel blocker');
INSERT INTO Drug VALUES ('1000050', 'Inhibits acid production in stomach', 'omeprazole', 'antacid');
INSERT INTO Drug VALUES ('1000060', 'Antibiotic', 'Azithromycin', 'antibiotic');
INSERT INTO Drug VALUES ('1000070', 'Antibiotic', 'amoxicillin', 'antibiotic');
INSERT INTO Drug VALUES ('1000080', 'Treats diabetes by lowering liver production', 'meformin', 'antidiabetic');
INSERT INTO Drug VALUES ('1000090', 'Increases excretion of water', 'Hydrochlorothiazide', 'diuretic');
INSERT INTO Drug VALUES ('1000100', 'Mimics endogenous insulin', 'Insulin', 'Insulin');
INSERT INTO Prescribes VALUES ('1000010', '100010', '1 month');
INSERT INTO Prescribes VALUES ('1000080', '100070', '2 weeks');
INSERT INTO Prescribes VALUES ('1000080', '100000', '1 month');
INSERT INTO Prescribes VALUES ('1000040', '100090', '2 weeks');
INSERT INTO Prescribes VALUES ('1000010', '100060', '3 weeks');
INSERT INTO Prescribes VALUES ('1000040', '100070', '1 month');
INSERT INTO Prescribes VALUES ('1000040', '100060', '2 weeks');
INSERT INTO Prescribes VALUES ('1000060', '100010', '3 weeks');
INSERT INTO Prescribes VALUES ('1000080', '100090', '1 month');
INSERT INTO Prescribes VALUES ('1000050', '100080', '1 month');
INSERT INTO Prescribes VALUES ('1000040', '100010', '1 month');
INSERT INTO Prescribes VALUES ('1000080', '100050', '1 month');
INSERT INTO Prescribes VALUES ('1000000', '100080', '3 weeks');
INSERT INTO Prescribes VALUES ('1000040', '100020', '3 weeks');
INSERT INTO Prescribes VALUES ('1000010', '100080', '1 week');
INSERT INTO Prescribes VALUES ('1000000', '100000', '1 week');
INSERT INTO Prescribes VALUES ('1000030', '100000', '3 weeks');
INSERT INTO Prescribes VALUES ('1000090', '100000', '1 month');
INSERT INTO Prescribes VALUES ('1000010', '100040', '1 month');
INSERT INTO Prescribes VALUES ('1000090', '100030', '3 weeks');
INSERT INTO Prescribes VALUES ('1000030', '100030', '1 month');
INSERT INTO Prescribes VALUES ('1000050', '100060', '1 month');
INSERT INTO Prescribes VALUES ('1000090', '100010', '3 weeks');
INSERT INTO Prescribes VALUES ('1000060', '100030', '1 week');
INSERT INTO Prescribes VALUES ('1000000', '100030', '3 weeks');
INSERT INTO Prescribes VALUES ('1000050', '100000', '2 weeks');
INSERT INTO Prescribes VALUES ('1000020', '100010', '2 weeks');
INSERT INTO Prescribes VALUES ('1000000', '100050', '1 month');
INSERT INTO Prescribes VALUES ('1000080', '100040', '1 week');
INSERT INTO Prescribes VALUES ('1000070', '100020', '1 week');
INSERT INTO Prescribes VALUES ('1000090', '100020', '1 month');
INSERT INTO Prescribes VALUES ('1000060', '100050', '1 week');
INSERT INTO Prescribes VALUES ('1000080', '100030', '1 month');
INSERT INTO Prescribes VALUES ('1000070', '100090', '2 weeks');
INSERT INTO Prescribes VALUES ('1000000', '100090', '1 month');
INSERT INTO Prescribes VALUES ('1000020', '100060', '1 week');
INSERT INTO Prescribes VALUES ('1000090', '100090', '1 month');
INSERT INTO Prescribes VALUES ('1000000', '100060', '1 week');
INSERT INTO Prescribes VALUES ('1000060', '100070', '2 weeks');
INSERT INTO Prescribes VALUES ('1000030', '100060', '2 weeks');
INSERT INTO Prescribes VALUES ('1000090', '100040', '2 weeks');
INSERT INTO Prescribes VALUES ('1000040', '100030', '1 month');
INSERT INTO Prescribes VALUES ('1000050', '100030', '1 month');
INSERT INTO Prescribes VALUES ('1000010', '100090', '2 weeks');
INSERT INTO Prescribes VALUES ('1000080', '100020', '1 week');
INSERT INTO Prescribes VALUES ('1000050', '100090', '1 month');
INSERT INTO Prescribes VALUES ('1000060', '100060', '3 weeks');
INSERT INTO Prescribes VALUES ('1000060', '100040', '1 week');
INSERT INTO Prescribes VALUES ('1000010', '100000', '3 weeks');
INSERT INTO Prescribes VALUES ('1000010', '100030', '1 week');
INSERT INTO Prescribes VALUES ('1000010', '100020', '1 week');
INSERT INTO Prescribes VALUES ('1000000', '100020', '1 week');
INSERT INTO Prescribes VALUES ('1000070', '100010', '1 week');
INSERT INTO Prescribes VALUES ('1000090', '100050', '1 week');
INSERT INTO Prescribes VALUES ('1000040', '100000', '1 month');
INSERT INTO Prescribes VALUES ('1000060', '100000', '3 weeks');
INSERT INTO Prescribes VALUES ('1000080', '100080', '3 weeks');
INSERT INTO Prescribes VALUES ('1000020', '100090', '1 month');
INSERT INTO Prescribes VALUES ('1000030', '100040', '1 month');
INSERT INTO Prescribes VALUES ('1000020', '100020', '2 weeks');
INSERT INTO Prescribes VALUES ('1000040', '100050', '1 month');
INSERT INTO Prescribes VALUES ('1000040', '100040', '3 weeks');
